Summary,Issue id,Issue Type,Description,Status,Priority,Resolution,Assignee,Reporter,Creator,Comment
Random issue summary 0,6692,Bug,Fix functionality remove issue.,Closed,Major,Resolved,Random reporter 0,Random reporter 0,Random creator 0,
Random issue summary 1,3164,Task,test database.,In progress,Low,Works as Designed,Random reporter 1,Random reporter 1,Random creator 1,
Random issue summary 2,505,Bug,Fix account improve issue.,In progress,Critical,Under Observation,Random reporter 2,Random reporter 2,Random creator 2,
Random issue summary 3,8162,Bug,Fix performance fix issue.,Open,Medium,,Random reporter 3,Random reporter 3,Random creator 3,
Random issue summary 4,4675,Feature request,Add performance fix functionality.,Committed,Low,Resolved,Random reporter 4,Random reporter 4,Random creator 4,
Random issue summary 5,9968,Bug,Fix performance change issue.,Validation Pending,Major,,Random reporter 5,Random reporter 5,Random creator 5,
Random issue summary 6,7749,Bug,Fix database improve issue.,Closed,Low,,Random reporter 6,Random reporter 6,Random creator 6,
Random issue summary 7,3286,Task,improve account.,Committed,Medium,Under Observation,Random reporter 7,Random reporter 7,Random creator 7,
Random issue summary 8,6469,Task,improve functionality.,In progress,Major,Works as Designed,Random reporter 8,Random reporter 8,Random creator 8,
Random issue summary 9,8353,Bug,Fix account update issue.,Validation Pending,Critical,,Random reporter 9,Random reporter 9,Random creator 9,
Random issue summary 10,6254,Task,change account.,Validation Pending,Major,Resolved,Random reporter 10,Random reporter 10,Random creator 10,
Random issue summary 11,746,Enhancement,,Validation Pending,Low,,Random reporter 11,Random reporter 11,Random creator 11,
Random issue summary 12,6582,Bug,Fix performance test issue.,Open,Low,Resolved,Random reporter 12,Random reporter 12,Random creator 12,
Random issue summary 13,1131,Bug,Fix user improve issue.,Validation Pending,Major,,Random reporter 13,Random reporter 13,Random creator 13,
Random issue summary 14,3901,Bug,Fix feature test issue.,Committed,High,Under Observation,Random reporter 14,Random reporter 14,Random creator 14,
Random issue summary 15,6970,Enhancement,,Validation Pending,Medium,,Random reporter 15,Random reporter 15,Random creator 15,
Random issue summary 16,6211,Enhancement,,Closed,Critical,Resolved,Random reporter 16,Random reporter 16,Random creator 16,
Random issue summary 17,5547,Feature request,Add account improve functionality.,Validation Pending,Low,,Random reporter 17,Random reporter 17,Random creator 17,
Random issue summary 18,6026,Enhancement,,In progress,Low,,Random reporter 18,Random reporter 18,Random creator 18,
Random issue summary 19,4291,Feature request,Add user remove functionality.,Committed,Medium,Resolved,Random reporter 19,Random reporter 19,Random creator 19,
Random issue summary 20,7209,Enhancement,,In progress,Medium,Under Observation,Random reporter 20,Random reporter 20,Random creator 20,
Random issue summary 21,8912,Bug,Fix functionality improve issue.,In progress,Major,,Random reporter 21,Random reporter 21,Random creator 21,
Random issue summary 22,2696,Task,fix performance.,Open,Low,Works as Designed,Random reporter 22,Random reporter 22,Random creator 22,
Random issue summary 23,2736,Enhancement,,Open,High,,Random reporter 23,Random reporter 23,Random creator 23,
Random issue summary 24,6919,Bug,Fix account remove issue.,Closed,Low,,Random reporter 24,Random reporter 24,Random creator 24,
Random issue summary 25,6076,Bug,Fix security monitor issue.,In progress,Major,Resolved,Random reporter 25,Random reporter 25,Random creator 25,
Random issue summary 26,1778,Task,add server.,Validation Pending,Medium,,Random reporter 26,Random reporter 26,Random creator 26,
Random issue summary 27,5116,Feature request,Add database add functionality.,Validation Pending,Medium,Works as Designed,Random reporter 27,Random reporter 27,Random creator 27,
Random issue summary 28,813,Feature request,Add feature change functionality.,Closed,Low,,Random reporter 28,Random reporter 28,Random creator 28,
Random issue summary 29,2999,Task,update database.,In progress,Low,Resolved,Random reporter 29,Random reporter 29,Random creator 29,
